firstName,lastName,yearOfBirth,group,studentID,email,phone,street,city,state,country,postalCode,faculty,yearOfStudy,major,GPA,status,admissionDate,graduationDate,degree,institution,completionYear,scholarship,employer
John,Smith,1988,Group A,246813,johnsmith123@example.com,1112233445,Second Street,Miami,FL,USA,67890,Law,2021,Corporate Law,3.7,Graduated,2019-01-01,2021-12-31,Bachelor,DEF University,2019,true,ABC Law Firm
Emily,White,1994,Group A,753951,emilywhite456@example.com,2223344556,Fifth Avenue,San Francisco,CA,USA,23456,Engineering,2021,Electrical Engineering,3.8,Graduated,2019-01-01,2021-12-31,Bachelor,MNO University,2019,true,PQR Company
David,Walker,1989,Group C,159357,davidwalker789@example.com,6667788990,Sixth Street,Boston,MA,USA,98765,Business,2022,Marketing,3.4,Graduated,2020-01-01,2022-12-31,Bachelor,STU University,2020,true,XYZ Marketing Agency